﻿StrRef,SpeakerType,SpeakerName,TextEng,Text,DLG,Scripts,Conditions,DialogueContext,SoundRef,VolumeVariance,PitchVariance
12613,Creature,Sharwyn,Sharwyn,샤윈,HX_FEND_SHARWYN|X2_HEN_SHARWYN,,,,,0,0
87549,Creature,Sharwyn,"""Yes, Daelen? Is there something you need?""","""응, 데란? 필요한 거 있어?""",X2_HEN_SHARWYN,,,,,0,0
87551,Creature,Sharwyn,"""You've been watching me quite closely. Not that I mind - I'm used to men staring at me. But I just wanted to make sure there wasn't anything more to it than a simple ogling.""","""날 아주 면밀히 보고 있었네. 신경 쓰이진 않아-남자들이 날 쳐다보는 건 익숙하니까. 그냥 단순한 눈요기 이상이 아닌지 확인하고 싶었어.""",X2_HEN_SHARWYN,,,,,0,0
87553,Creature,Sharwyn,"The bard arches an eyebrow. ""You weren't? That's a shame, Daelen. So why weren't you ogling me? Don't you find me attractive?""","음유시인이 눈썹을 치켜올립니다. ""아니었어? 아쉽네, 데란. 그럼 왜 날 쳐다보지 않았어? 내가 매력적이지 않다고 생각해?""",X2_HEN_SHARWYN,,,,,0,0
87556,Creature,Sharwyn,"Sharwyn smiles. ""I'm out of every man's league. But some men are closer than others."" She gives Daelen a knowing wink, then walks off with a toss of her long, red hair.","샤윈이 미소 짓습니다. ""난 모든 남자의 상대가 안 되지. 하지만 어떤 남자들은 다른 남자들보다 가깝긴 해."" 그녀가 데란에게 알듯한 윙크를 보내더니, 길고 붉은 머리카락을 휘날리며 걸어갑니다.",X2_HEN_SHARWYN,,,,,0,0
87558,Creature,Sharwyn,"""But it's so fun! Besides, deep down he loves it. Don't you Daelen?"" She gives the half-orc a knowing wink, then laughs and walks off with a toss of her long, red hair.","""하지만 너무 재밌잖아! 게다가 마음 깊은 곳에선 좋아하잖아. 그렇지, 데란?"" 그녀가 하프오크에게 알듯한 윙크를 보내더니 웃으며 길고 붉은 머리카락을 휘날리며 걸어갑니다.",X2_HEN_SHARWYN,,,,,0,0
87561,Creature,Sharwyn,"""I'm doing quite well, considering. No ill affects, no lingering symptoms."" She tilts her head to the side and gives Daelan a long stare. ""It's something we've all been through before, Daelen.""","""상황을 고려하면 아주 잘 지내고 있어. 나쁜 영향도 없고 남은 증상도 없어."" 그녀가 고개를 옆으로 기울이고 데란을 오랫동안 바라봅니다. ""우리 모두 전에 겪어본 일이잖아, 데란.""",X2_HEN_SHARWYN,,,,,0,0
87563,Creature,Sharwyn,"Sharwyn's brow knots up in anger. ""Are you saying I need my own personal guardian? I may not be as strong as you, Daelen - few people are. But I have other talents that serve me well enough.""","샤윈의 이마에 화난 주름이 잡힙니다. ""내가 개인 보호자가 필요하다는 거야? 네만큼 강하진 않을 수 있어, 데란-그만큼 강한 사람은 거의 없으니까. 하지만 내겐 충분히 잘 써먹을 수 있는 다른 재능들이 있어.""",X2_HEN_SHARWYN,,,,,0,0
87564,Creature,Sharwyn,"""We don't all rely on brutish strength and a big axe! My spells and bard songs are all I need, so don't waste any extra effort watching out for poor Sharwyn. She can look after herself!""","""우린 모두 무식한 힘과 커다란 도끼에 의존하는 건 아니야! 내 주문과 음유시인의 노래면 충분해. 그러니 불쌍한 샤윈 걱정하느라 쓸데없이 힘 빼지 마. 나 스스로 돌볼 수 있어!""",X2_HEN_SHARWYN,,,,,0,0
87566,Creature,Sharwyn,"The bard gets a mischievous glint in her eye. ""You've been watching me in action, have you? And do you like what you see?""","음유시인의 눈에 장난스러운 빛이 깃듭니다. ""내가 활약하는 걸 지켜봤군? 마음에 들어?""",X2_HEN_SHARWYN,,,,,0,0
88233,Creature,Sharwyn,"""No, Deekin never has. By the way you've been staring at me, however, I kind of figured that's what you had in mind.""","""아니, 디킨은 한 번도 안 그랬어. 하지만 날 쳐다보는 방식을 보니 그런 생각이 있는 것 같더라고.""",X2_HEN_SHARWYN,,,,,0,0
88235,Creature,Sharwyn,"""You needn't be coy, my little lizard friend. Between one bard to another, I know what such glances mean.""","""수줍어할 필요 없어, 작은 도마뱀 친구. 음유시인끼리 말인데, 그런 눈빛이 무슨 의미인지 잘 알아.""",X2_HEN_SHARWYN,,,,,0,0
88237,Creature,Sharwyn,"""Really, I'm flattered, but you must know it just isn't... what?""","""정말, 영광이지만 그게 좀 그렇다는 건 알잖아... 뭐라고?""",X2_HEN_SHARWYN,,,,,0,0
88239,Creature,Sharwyn,"""Of... of course it's normal! Look... I'll give you twenty gold not to mention that to anyone else.""","""당... 당연히 정상이지! 저기... 다른 사람한테 말 안 하면 금화 20개 줄게.""",X2_HEN_SHARWYN,,,,,0,0
88241,Creature,Sharwyn,"""Fine, thirty. Now stop talking.""","""좋아, 30개. 이제 말 그만 해.""",X2_HEN_SHARWYN,,,,,0,0
88243,Creature,Sharwyn,"""I did, indeed, my little man. And I assume you were the scribe behind 'Shadows of Undrentide'?""","""그랬지, 꼬마 친구. 그리고 네가 '언더렌타이드의 그림자'를 쓴 필경사였어?""",X2_HEN_SHARWYN,,,,,0,0
88245,Creature,Sharwyn,"""Well... it started out well enough. But the second chapter seemed a bit... rushed...""","""글쎄... 처음엔 괜찮았어. 근데 2장이 좀... 급하게 쓴 것 같았어...""",X2_HEN_SHARWYN,,,,,0,0
88247,Creature,Sharwyn,"""There were other problems, too. I'd be happy to list them for you sometime, if you're of a mind.""","""다른 문제들도 있었어. 원한다면 언젠가 나열해 줄게.""",X2_HEN_SHARWYN,,,,,0,0
88249,Creature,Sharwyn,"""What are you talking about? There was nothing wrong with my book.""","""무슨 소리야? 내 책에 잘못된 건 없었어.""",X2_HEN_SHARWYN,,,,,0,0
88251,Creature,Sharwyn,"""Oh, shush, you."" Sharwyn turns away. ""Critic.""","""아이, 조용히 해."" 샤윈이 돌아섭니다. ""평론가.""",X2_HEN_SHARWYN,,,,,0,0
88997,Creature,Sharwyn,"""I do, but... I don't know, you might be embarrassed...""","""알아, 하지만... 글쎄, 창피할 수도 있어서...""",X2_HEN_SHARWYN,,,,,0,0
88999,Creature,Sharwyn,"""Well... I remember hearing that there was some incident involving you and Lord Nasher, that he was angry with you over something involving Sembia?""","""글쎄... 너랑 나셰르 영주님 사이에 무슨 일이 있었다고 들었어. 셈비아와 관련된 무언가 때문에 화를 내셨다는데?""",X2_HEN_SHARWYN,,,,,0,0
89001,Creature,Sharwyn,"Sharwyn grins. ""What happened?""","샤윈이 씨익 웃습니다. ""무슨 일 있었어?""",X2_HEN_SHARWYN,,,,,0,0
89003,Creature,Sharwyn,"""That doesn't sound so bad.""","""그렇게 나쁘진 않은데.""",X2_HEN_SHARWYN,,,,,0,0
89005,Creature,Sharwyn,"""Ah...""","""아...""",X2_HEN_SHARWYN,,,,,0,0
89007,Creature,Sharwyn,"Sharwyn holds up her hands. ""Say no more. I get the picture. You poor girl.""","샤윈이 손을 듭니다. ""더 말 안 해도 돼. 상황은 알겠어. 불쌍하네.""",X2_HEN_SHARWYN,,,,,0,0
89009,Creature,Sharwyn,"Obviously Sharwyn was not expecting such a question. She stiffens and regards Linu suspiciously. ""Yes. How could you know such a thing?""","샤윈은 그런 질문을 예상하지 못한 게 분명합니다. 그녀가 몸을 굳히고 리누를 의심스럽게 바라봅니다. ""그래. 어떻게 그걸 알았어?""",X2_HEN_SHARWYN,,,,,0,0
89011,Creature,Sharwyn,"""She didn't have the plague, itself. She had bonerot... and I was able to procure a potion for her that healed it. At great difficulty, I might add.""","""역병 자체는 아니었어. 골부식병이었지... 그리고 그걸 치료할 물약을 구할 수 있었어. 엄청 힘들었다는 점을 덧붙이자면.""",X2_HEN_SHARWYN,,,,,0,0
89013,Creature,Sharwyn,"""No."" Sharwyn's expression is harsh and she turns away from Linu for a moment. ""Not that it's any of your business, but no... we don't. I haven't seen her since I gave her the potion.""","""아니."" 샤윈의 표정이 거칠어지고 잠시 리누로부터 고개를 돌립니다. ""네가 알 바는 아니지만, 아니... 연락 안 해. 물약을 준 뒤로 그녀를 본 적이 없어.""",X2_HEN_SHARWYN,,,,,0,0
89015,Creature,Sharwyn,"Sharwyn's voice is quiet. ""I see.""","샤윈의 목소리가 조용합니다. ""그렇구나.""",X2_HEN_SHARWYN,,,,,0,0
89017,Creature,Sharwyn,"Sharwyn nods slowly. ""Thank you, Linu."" She thinks for a moment and then asks, ""Did she...?""","샤윈이 천천히 고개를 끄덕입니다. ""고마워, 리누."" 잠시 생각하다 묻습니다. ""그녀가...?""",X2_HEN_SHARWYN,,,,,0,0
89019,Creature,Sharwyn,"Sharwyn is silent and wipes suddenly moist eyes. ""That's good."" She says nothing further.","샤윈이 침묵하며 갑자기 촉촉해진 눈을 닦습니다. ""다행이네."" 더 이상 아무 말도 하지 않습니다.",X2_HEN_SHARWYN,,,,,0,0
90095,Creature,Sharwyn,"""It's true enough. I'm a bard, after all.""","""충분히 사실이지. 어쨌든 난 음유시인이니까.""",X2_HEN_SHARWYN,,,,,0,0
90097,Creature,Sharwyn,"""No, sorry. I've only heard of famous people.""","""아니, 미안해. 난 유명한 사람들만 들어봤거든.""",X2_HEN_SHARWYN,,,,,0,0
90099,Creature,Sharwyn,"""If it makes you feel better, I actually have heard of you.""","""기분이 나아진다면, 사실 너에 대해 들어봤어.""",X2_HEN_SHARWYN,,,,,0,0
90101,Creature,Sharwyn,"""I've heard you're an utter pig.""","""네가 완전히 돼지라고 들었어.""",X2_HEN_SHARWYN,,,,,0,0
90104,Creature,Sharwyn,"""Don't even think about it, halfling.""","""생각도 하지 마, 하플링.""",X2_HEN_SHARWYN,,,,,0,0
90106,Creature,Sharwyn,"""You think I'm not aware of your reputation? For such a small man you are certainly a huge misogynist.""","""네 평판을 내가 모를 것 같아? 그렇게 작은 남자치고 엄청난 여성혐오자네.""",X2_HEN_SHARWYN,,,,,0,0
90108,Creature,Sharwyn,"""What exactly do you think a misogynist is?""","""여성혐오자가 정확히 뭔지 알고는 있어?""",X2_HEN_SHARWYN,,,,,0,0
90110,Creature,Sharwyn,"""Oh, never mind...""","""아, 됐어...""",X2_HEN_SHARWYN,,,,,0,0
92843,Creature,Sharwyn,"""Daelan, it's me - Sharwyn. Do you know where you are?""","""데란, 나야-샤윈. 여기가 어딘지 알아?""",X2_HEN_SHARWYN,,,,,0,0
93199,Creature,Sharwyn,"""Linu it's me - Sharwyn. Do you know where you are?""","""리누, 나야-샤윈. 여기가 어딘지 알아?""",X2_HEN_SHARWYN,,,,,0,0
93202,Creature,Sharwyn,"""It's only thanks to <FirstName> here. <He/She> found me and raised me from the dead, just like we did with you. What happened to you, Linu?""","""여기 <FirstName> 덕분이야. <He/She>가 날 찾아서 죽음에서 되살려 줬어, 우리가 너에게 했던 것처럼. 무슨 일 있었어, 리누?""",X2_HEN_SHARWYN,,,,,0,0
93214,Creature,Sharwyn,"""You mean you just left me there? How very heroic of you.""","""그러니까 날 거기 내버려 뒀다고? 정말 영웅적이네.""",X2_HEN_SHARWYN,,,,,0,0
93216,Creature,Sharwyn,"""That's okay, I guess. Still, I figured you would have followed Daelan rather than pair up with a rogue.""","""괜찮아, 그런 것 같아. 그래도 도적이랑 짝을 짓기보단 데란을 따라갔을 줄 알았는데.""",X2_HEN_SHARWYN,,,,,0,0
93834,Creature,Sharwyn,"""I'll have to remember that. Hold still while I hobble you, runt.""","""그거 기억해 둬야겠네. 가만히 있어, 드워프 다리 절게 만들 테니까.""",X2_HEN_SHARWYN,,,,,0,0
93838,Creature,Sharwyn,"""Yes, I remember. The running, and the screaming...""","""응, 기억나. 달리고, 비명 지르던 거...""",X2_HEN_SHARWYN,,,,,0,0
94475,Creature,Sharwyn,"""You're sending <FirstName> down into the Underdark? <He/She>'ll have need of my skills. You better send me, too.""","""<FirstName>을 언더다크로 보내는 거야? <He/She>에겐 내 기술이 필요할 거야. 나도 보내는 게 좋을 거야.""",X2_HEN_SHARWYN,,,,,0,0
94484,Creature,Sharwyn,"""<FirstName>'s going to need more help than just that kobold down there. You better send me along, too.""","""<FirstName>에겐 저 아래 코볼트만으론 부족할 거야. 나도 보내는 게 좋을 거야.""",X2_HEN_SHARWYN,,,,,0,0
103895,Creature,Sharwyn,"""I doubt her motives are as pure as she makes them seem. I'm guessing there's good profit to be had here.""","""그녀의 동기가 보이는 것만큼 순수하진 않을 것 같아. 여기서 꽤 짭짤한 이득을 챙기려는 것 같은데.""",X2_HEN_SHARWYN,,,,,0,0
103900,Creature,Sharwyn,"The bard shakes her head in disgust and says,  ""That was uncalled for.""","음유시인이 역겨운 듯 고개를 흔들며 말합니다. ""그건 부당한 처사야.""",X2_HEN_SHARWYN,,,,,0,0
103903,Creature,Sharwyn,"Sharwyn leans in close and whispers under her breath, ""You've done a good thing here. Everyone wants to feel useful.""","샤윈이 가까이 몸을 기울이고 숨을 죽이며 속삭입니다. ""좋은 일 했어. 모두들 쓸모 있다고 느끼고 싶어 하거든.""",X2_HEN_SHARWYN,,,,,0,0
103913,Creature,Sharwyn,"""He shouldn't cause too much trouble, Durnan. Who knows, he might even be useful.""","""큰 문제는 안 일으킬 거야, 더난. 누가 알아, 쓸모 있을 수도 있잖아.""",X2_HEN_SHARWYN,,,,,0,0
103918,Creature,Sharwyn,"""A good lesson to keep in mind for the future, <FirstName>: when a wizard says don't touch, don't touch!""","""앞으로 명심할 좋은 교훈이야, <FirstName>: 마법사가 만지지 말라고 하면, 만지지 마!""",X2_HEN_SHARWYN,,,,,0,0
103930,Creature,Sharwyn,"""Sometimes the most obvious disguise is the most effective. You could be hiding in plain sight. Although, that wouldn't make much sense given what you've already done for us...""","""때론 가장 뻔한 변장이 가장 효과적이지. 눈에 띄는 곳에 숨어 있을 수도 있고. 근데 이미 우리를 위해 한 일들을 생각하면 말이 안 되긴 하지만...""",X2_HEN_SHARWYN,,,,,0,0
103932,Creature,Sharwyn,"""There's something to be said for using cunning instead of brute force.""","""무식한 힘 대신 교활함을 쓰는 것도 괜찮지.""",X2_HEN_SHARWYN,,,,,0,0
103939,Creature,Sharwyn,"""Rebel drow? I have heard tales of such a group, though I never thought to meet one... if indeed we have.""","""반역한 드로우? 그런 무리에 대한 이야기는 들어봤지만, 직접 만나리라곤 생각 못 했는데... 만났다면 말이야.""",X2_HEN_SHARWYN,,,,,0,0
103949,Creature,Sharwyn,"""They died protecting a beast that would have likely killed them given half a chance?""","""기회만 있으면 자기들을 죽였을 짐승을 보호하다 죽었다고?""",X2_HEN_SHARWYN,,,,,0,0
103957,Creature,Sharwyn,"""Durnan will want to hear about this, <FirstName>. Of course, we should also try to find out where the wizard went. ""","""더난이 이 얘기 듣고 싶어 할 거야, <FirstName>. 물론, 그 마법사가 어디로 갔는지도 알아내야지.""",X2_HEN_SHARWYN,,,,,0,0
103963,Creature,Sharwyn,"""I have the same problem. People see my remarkable beauty, and they think I don't have the brains to go with the body. But, like you, I find I can use that to my advantage.""","""나도 같은 문제가 있어. 사람들은 내 놀라운 아름다움을 보고, 몸에 어울리는 두뇌는 없다고 생각하지. 하지만 너처럼, 나도 그걸 유리하게 활용할 수 있더라고.""",X2_HEN_SHARWYN,,,,,0,0
103968,Creature,Sharwyn,"""Halaster should have known this might happen one day. Even for an archmage, Undermountain must be a difficult place to maintain control.""","""할라스터는 언젠가 이런 일이 생길 줄 알았어야 했어. 대마법사라 해도 언더마운틴은 통제하기 어려운 곳일 테니까.""",X2_HEN_SHARWYN,,,,,0,0
103974,Creature,Sharwyn,"""Halaster probably thought that would make you more obedient. I've found the same holds true with men: the dumber they are, the easier it is to get them to do what I want.""","""할라스터는 그렇게 하면 더 순종적이 될 거라 생각했겠지. 나도 남자들한테서 비슷한 게 사실이라는 걸 알았어: 멍청할수록 내가 원하는 걸 시키기 쉽더라고.""",X2_HEN_SHARWYN,,,,,0,0
103981,Creature,Sharwyn,"""You're a golem, a construct. How can you have a father?""","""넌 골렘, 인조물이잖아. 어떻게 아버지가 있을 수 있어?""",X2_HEN_SHARWYN,,,,,0,0
103983,Creature,Sharwyn,"""Typical Linu. Always looking out for those who need help.""","""전형적인 리누네. 항상 도움이 필요한 사람들을 챙기지.""",X2_HEN_SHARWYN,,,,,0,0
103987,Creature,Sharwyn,"""Linu, I'm glad you're alive... as am I, thanks to <FullName>. You recognize <him/her> from the inn, don't you?""","""리누, 네가 살아있어서 기뻐... 나도야, <FullName> 덕분에. 여관에서 <him/her> 기억하지?""",X2_HEN_SHARWYN,,,,,0,0
103989,Creature,Sharwyn,"Sharwyn shakes her head sadly. ""I could understand a wizard having supernatural servants, but why would Halaster even need human slaves?""","샤윈이 슬프게 고개를 흔듭니다. ""마법사가 초자연적인 하인들을 거느리는 건 이해할 수 있지만, 할라스터가 인간 노예까지 필요했던 이유가 뭘까?""",X2_HEN_SHARWYN,,,,,0,0
103994,Creature,Sharwyn,"""The choice is yours, <FirstName>. Actually, I'm looking forward to this fight. I kind of enjoy taking out the drow.""","""선택은 네 거야, <FirstName>. 사실 이 싸움 기대돼. 드로우 처치하는 건 좀 즐기거든.""",X2_HEN_SHARWYN,,,,,0,0
104000,Creature,Sharwyn,"""Well, you are our leader, <FirstName>. I just hope you've made the right choice.""","""글쎄, 네가 우리 리더니까, <FirstName>. 올바른 선택을 했길 바랄게.""",X2_HEN_SHARWYN,,,,,0,0
104006,Creature,Sharwyn,"""I'm all for avoiding a fight with the drow, although I can't say I relish the idea of squeezing through some giant ant tunnel.""","""드로우와의 싸움을 피하는 건 찬성이야. 근데 거대한 개미 땅굴을 비집고 지나가는 생각은 좋아한다고는 못 하겠네.""",X2_HEN_SHARWYN,,,,,0,0
104008,Creature,Sharwyn,"""Durnan will want to hear about this, <FirstName>. Of course, we should also try to find out where the wizard went. ""","""더난이 이 얘기 듣고 싶어 할 거야, <FirstName>. 물론, 그 마법사가 어디로 갔는지도 알아내야지.""",X2_HEN_SHARWYN,,,,,0,0
